{"cameraMode":{"drawMode":0,"name":"Shaded","section":"Shading Mode"},"sceneLighting":false,"audioPlay":false,"sceneViewState":{"m_AlwaysRefresh":false,"showFog":true,"showSkybox":false,"showFlares":true,"showImageEffects":true,"showParticleSystems":true,"showVisualEffectGraphs":true,"m_FxEnabled":true},"in2DMode":false,"pivot":{"x":-0.09616286307573319,"y":0.5402109622955322,"z":-2.8676137924194338},"rotation":{"x":-0.10400746017694473,"y":0.12379412353038788,"z":-0.0130234956741333,"w":-0.9867888689041138},"size":0.42325612902641299,"orthographic":false}